{"name":"build-javascript","namedChunkGroups":{"polyfill":{"name":"polyfill","assets":[{"name":"webpack-runtime-11b4a57da14499cdb28e.js","size":3184},{"name":"polyfill-f5221e9ebf6205d891b0.js","size":85019}],"filteredAssets":0,"assetsSize":88203,"filteredAuxiliaryAssets":2,"auxiliaryAssetsSize":224042},"app":{"name":"app","assets":[{"name":"webpack-runtime-11b4a57da14499cdb28e.js","size":3184},{"name":"framework-179c973180a51600a952.js","size":140546},{"name":"app-67ea22a44caca4dac931.js","size":78278}],"filteredAssets":0,"assetsSize":222008,"filteredAuxiliaryAssets":3,"auxiliaryAssetsSize":700797},"component---src-pages-404-js":{"name":"component---src-pages-404-js","assets":[{"name":"component---src-pages-404-js-0fbff1052dd7a3a8e27e.js","size":788}],"filteredAssets":0,"assetsSize":788,"filteredAuxiliaryAssets":1,"auxiliaryAssetsSize":1849},"component---src-pages-index-js":{"name":"component---src-pages-index-js","assets":[{"name":"component---src-pages-index-js-b637621a3a15137fcd39.js","size":3866}],"filteredAssets":0,"assetsSize":3866,"filteredAuxiliaryAssets":1,"auxiliaryAssetsSize":7715}},"assetsByChunkName":{"polyfill":["webpack-runtime-11b4a57da14499cdb28e.js","polyfill-f5221e9ebf6205d891b0.js"],"app":["webpack-runtime-11b4a57da14499cdb28e.js","framework-179c973180a51600a952.js","app-67ea22a44caca4dac931.js"],"component---src-pages-404-js":["component---src-pages-404-js-0fbff1052dd7a3a8e27e.js"],"component---src-pages-index-js":["component---src-pages-index-js-b637621a3a15137fcd39.js"]},"childAssetsByChunkName":{}}